{
  "timestamp": "2025-11-25T13:40:46.409327",
  "beam_length_m": 0.3,
  "camera": {
    "index": 1,
    "frame_width": 640,
    "frame_height": 480
  },
  "ball_detection": {
    "lower_hsv": [
      11.0,
      168.0,
      137.0
    ],
    "upper_hsv": [
      25.0,
      247.0,
      215.0
    ]
  },
  "calibration": {
    "pixel_to_meter_ratio_x": 0.0008249326418439593,
    "pixel_to_meter_ratio_y": 0.0008270616169291756,
    "position_x_min_m": -0.1247673055250461,
    "position_x_max_m": 0.12529227351709382,
    "position_y_min_m": -0.10541450948921667,
    "position_y_max_m": 0.13645089200201932
  },
  "servo": {
    "port": "COM3",
    "neutral_angle": 15
  }
}