{
  "timestamp": "2025-11-26T10:18:47.723202",
  "beam_length_m": 0.3,
  "camera": {
    "index": 1,
    "frame_width": 640,
    "frame_height": 480
  },
  "ball_detection": {
    "lower_hsv": [
      12.0,
      142.15,
      138.0
    ],
    "upper_hsv": [
      26.0,
      244.85,
      208.0
    ]
  },
  "calibration": {
    "pixel_to_meter_ratio_x": 0.0006976065099727877,
    "pixel_to_meter_ratio_y": 0.000687892485364581,
    "position_x_min_m": -0.1712914418681642,
    "position_x_max_m": 0.09518000535981577,
    "position_y_min_m": -0.10939602764316415,
    "position_y_max_m": 0.12145345151782089
  },
  "servo": {
    "port": "COM3",
    "neutral_angle": 15
  }
}