{
  "timestamp": "2025-11-28T18:26:26.976182",
  "beam_length_m": 0.3,
  "camera": {
    "index": 1,
    "frame_width": 640,
    "frame_height": 480
  },
  "ball_detection": {
    "lower_hsv": [
      10.0,
      164.05,
      131.0
    ],
    "upper_hsv": [
      24.0,
      255.0,
      182.0
    ]
  },
  "calibration": {
    "pixel_to_meter_ratio_x": 0.0008304547985373997,
    "pixel_to_meter_ratio_y": 0.0008241696038635602,
    "position_x_min_m": -0.11390002418804379,
    "position_x_max_m": 0.14464078316890983,
    "position_y_min_m": -0.10915176434638016,
    "position_y_max_m": 0.12224080621115159
  },
  "servo": {
    "port": "COM3",
    "neutral_angle": 15
  }
}