{
  "timestamp": "2025-11-24T19:07:27.173242",
  "beam_length_m": 0.3,
  "camera": {
    "index": 1,
    "frame_width": 640,
    "frame_height": 480
  },
  "ball_detection": {
    "lower_hsv": [
      11.0,
      162.15,
      148.0
    ],
    "upper_hsv": [
      25.0,
      255.0,
      196.0
    ]
  },
  "calibration": {
    "pixel_to_meter_ratio_x": 0.0006588380305938723,
    "pixel_to_meter_ratio_y": 0.0006713139904966525,
    "position_min_m": -0.1450981000445633,
    "position_max_m": 0.12127194412674287
  },
  "servo": {
    "port": "COM3",
    "neutral_angle": 15
  }
}